#TICID,Teff,SpT,TESS sectors,Flares,Rotation,ftic,Lbol,Prot,error_Prot,Amplitude,error_Amplitude,FAP,U,V,W,U_LSR,V_LSR,W_LSR,eU,eV,eW,RVReference,GalacticPopulation,Probability
426959594,1940,L2.1,17,No,Yes,0.02378,,0.1283,0.0007,0.014,0.00022,3.64E-54,-40.391,-4.578,-11.398,-30.811,5.942,-4.388,0.221,0.097,0.105,SIMBAD,THIN-DISK,0.988
180724005,2648,M7.2,"2,3,29",Yes,No,0.00137,1.235E+030,,,,,,-6.868,2.005,4.331,2.712,12.525,11.341,8.115,4.814,2.229,SIMBAD,THIN-DISK,0.987
248350761,2388,M9.1,"3,30",No,No,0.00045,,,,,,,-13.31,-12.436,8.064,-3.73,-1.916,15.074,0.265,0.572,1.824,SIMBAD,THIN-DISK,0.985
70555405,2642,M7.3,"3,30",Yes,Yes,0.00001,1.185E+030,0.7027,0.00064,0.0022,0.00008,2.31E-74,-18.642,-50.502,17.299,-9.062,-39.982,24.309,0.467,0.057,0.02,SIMBAD,THIN-DISK,0.934
308243298,2539,M8,"3,4,30,31",No,No,0.01139,,,,,,,36.472,-23.152,-12.305,46.052,-12.632,-5.295,0.489,0.084,0.164,SIMBAD,THIN-DISK,0.985
142944290,2642,M7.3,"4,31",Yes,Yes,0.00939,1.155E+030,1.047,0.00143,0.0017,0.00006,2.67E-39,10.133,-24.825,-14.926,19.713,-14.305,-7.916,0.139,0.867,1.629,SIMBAD,THIN-DISK,0.988
143029977,2313,M9.6,"4,31",No,Yes,0.00592,,0.1593,0.00098,0.0035,0.00009,9.75E-110,-13.488,-5.386,-0.302,-3.908,5.134,6.708,0.411,0.361,0.575,SIMBAD,THIN-DISK,0.988
401945077,2819,M6.1,5,No,Yes,0.00281,,0.7289,0.0204,0.0017,0.00011,4.62E-32,25.567,-23.157,-6.304,35.147,-12.637,0.706,0.773,0.028,0.065,SIMBAD,THIN-DISK,0.986
347994537,2590,M7.7,19,No,Yes,0.10605,,0.9857,0.03877,0.0116,0.00001,<<1E-310,-23.905,-11.994,-0.44,-14.325,-1.474,6.57,3.706,7.669,1.594,SIMBAD,THIN-DISK,0.988
298907057,2714,M6.8,"5,32",Yes,Yes,0.00842,1.298E+030,0.5003,0.00033,0.0096,0.00006,0,-30.658,-15.041,-1.322,-21.078,-4.521,5.688,0.83,0.065,0.103,SIMBAD,THIN-DISK,0.988
442929628,2015,L1.6,"5,6,32",No,No,0.04444,,,,,,,-16.199,-4.143,3.647,-6.619,6.377,10.657,0.798,0.22,0.175,SIMBAD,THIN-DISK,0.986
174821904,2255,M9.9,19,No,No,0.18677,,,,,,,-12.054,-27.535,-4.367,-2.474,-17.015,2.643,0.691,0.043,0.014,SIMBAD,THIN-DISK,0.987
289113766,2803,M6.2,"7,34",No,No,1.2566,,,,,,,13.391,33.462,12.283,22.971,43.982,19.293,,7.344,17.583,SIMBAD,THIN-DISK,0.984
461654150,2699,M6.9,20,Yes,Yes,0.08541,1.179E+030,0.345,0.00452,0.0105,0.00017,1.48E-103,-46.739,-21.267,-15.753,-37.159,-10.747,-8.743,0.606,0.029,0.061,SIMBAD,THIN-DISK,0.986
926898,2088,L1.1,"7,8,34",No,No,0.20534,,,,,,,-33.295,-16.134,-18.441,-23.715,-5.614,-11.431,0.631,0.065,0.047,SIMBAD,THIN-DISK,0.984
3664898,2791,M6.3,21,Yes,Yes,0.11983,2.062E+030,0.4578,0.00794,0.0053,0.00001,<<1E-310,-77.275,1.2,-8.611,-67.695,11.72,-1.601,1.057,0.521,1.143,GAIA-DR3,THIN-DISK,0.966
7975441,2400,M9,"8,34",Yes,Yes,0.00611,3.366E+029,0.4641,0.00028,0.0076,0.00011,<<1E-310,-13.402,-9.697,-17.094,-3.822,0.823,-10.084,0.528,1.42,0.861,SIMBAD,THIN-DISK,0.987
293520468,2825,M6,"8,35",Yes,No,0.28886,2.405E+030,,,,,,-13.995,-6.639,-24.116,-4.415,3.881,-17.106,0.507,0.074,0.265,SIMBAD,THIN-DISK,0.984
902237947,2545,M8,36,Yes,Yes,0.65147,5.826E+029,0.2495,0.00261,0.0488,0.00016,<<1E-310,-25.177,-37.932,11.037,-15.597,-27.412,18.047,0.171,1.433,1.395,SIMBAD,THIN-DISK,0.983
165231308,2021,L1.6,"10,37",No,Yes,0.0925,,0.3313,0.00014,0.0121,0.00021,9.95E-44,33.102,-50.738,-20.268,42.682,-40.218,-13.258,0.629,1.702,0.814,SIMBAD,THIN-DISK,0.987
334937178,2458,M8.6,"10,36",Yes,No,1.67102,4.061E+029,,,,,,-15.44,-20.529,-14.446,-5.86,-10.009,-7.436,0.223,0.353,0.45,SIMBAD,THIN-DISK,0.987
286963145,2295,M9.7,23,No,No,0.00281,,,,,,,6.227,-49.325,-27.434,15.807,-38.805,-20.424,0.385,0.123,0.352,SIMBAD,THIN-DISK,0.972
154383758,2670,M7.1,"15,16,23",Yes,Yes,0.00091,1.46E+030,0.4125,0.0007,0.0014,0.00004,6.6094223230687E-124,-29.554,-25.679,5.507,-19.974,-15.159,12.517,1.375,2.34,3.207,SIMBAD,THIN-DISK,0.985
311088146,2302,M9.6,"41,48,49",No,No,0.01655,,,,,,,52.961,-0.786,-46.671,62.541,9.734,-39.661,1.045,1.889,2.275,SIMBAD,THIN/THICK-TRANSITION,0.692
161662947,2666,M7.1,"23,24",Yes,Yes,0.0014,1.23E+030,0.3706,0.00265,0.0051,0.00027,2.53E-111,13.369,-20.66,2.614,22.949,-10.14,9.624,0.54,0.021,0.003,SIMBAD,THIN-DISK,0.986
311188315,2290,M9.7,24,No,No,0.45909,,,,,,,3.224,-2.454,4.925,12.804,8.066,11.935,0.609,0.012,0.028,SIMBAD,THIN-DISK,0.986
193974787,2610,M7.5,"16,23,24",No,No,0.06876,,,,,,,13.528,-2.594,1.795,23.108,7.926,8.805,0.675,1.792,2.395,SIMBAD,THIN-DISK,0.987
1206384476,2709,M6.8,12,No,Yes,1.06184,,0.1108,0.00044,0.003,0.00003,3.31E-127,,,,,,,,,,,,
321695100,2302,M9.6,"25,26",Yes,No,0.03273,2.778E+029,,,,,,-4.527,-29.795,-13.503,5.053,-19.275,-6.493,0.688,0.274,0.189,SIMBAD,THIN-DISK,0.989
156746159,1697,L4,40,No,No,24.47077,,,,,,,81.988,-62.477,-38.569,91.568,-51.957,-31.559,21.325,109.59,65.414,SIMBAD,THIN/THICK-TRANSITION,0.51
316993844,2747,M6.6,"26,40",No,No,0.04327,,,,,,,-5.014,3.748,-2.4,4.566,14.268,4.61,6.531,4.592,5.167,SIMBAD,THIN-DISK,0.988
157955474,2771,M6.4,"14,26",No,Yes,0.07453,,2.3246,0.01513,0.0022,0.00012,4.91E-68,-41.309,-11.785,14.668,-31.729,-1.265,21.678,0.009,1.782,0.633,SIMBAD,THIN-DISK,0.971
35025268,2899,M5.6,18,Yes,No,0.00175,3.483E+030,,,,,,-6.881,-49.603,-28.042,2.699,-39.083,-21.032,0.613,0.052,0.03,SIMBAD,THIN-DISK,0.954
176287658,2964,M5.2,42,No,No,0.00171,,,,,,,38.56,-38.899,19.365,48.14,-28.379,26.375,0.216,1.44,3.518,SIMBAD,THIN-DISK,0.963
452882423,2902,M5.5,"17,18,24",No,No,0.45165,,,,,,,83.081,-7.684,-11.99,92.661,2.836,-4.98,33.114,17.684,8.091,SIMBAD,THIN-DISK,0.891
57984826,2999,M5,17,No,No,0.00481,,,,,,,-37.592,-49.756,-50.376,-28.012,-39.236,-43.366,0.499,0.61,0.618,SIMBAD,THIN/THICK-TRANSITION,0.669
354687625,2695,M6.9,17,No,No,0.04262,,,,,,,58.753,-43.113,-18.083,68.333,-32.593,-11.073,0.175,0.173,0.038,SIMBAD,THIN-DISK,0.976
616102138,2758,M6.5,"28,29",No,No,1.33392,,,,,,,10.847,-8.391,6.94,20.427,2.129,13.95,1.717,1.559,1.216,SIMBAD,THIN-DISK,0.985
281542064,2815,M6.1,"2,28,29",Yes,Yes,0.001,1.912E+030,0.2243,0.00007,0.0049,0.00011,6.04E-107,-41.818,-20.051,-5.855,-32.238,-9.531,1.155,0.123,0.032,0.01,SIMBAD,THIN-DISK,0.987
28053247,2950,M5.2,"3,30",No,No,46.92388,,,,,,,-26.557,-41.851,-1.148,-16.977,-31.331,5.862,0.241,0.033,0.001,SIMBAD,THIN-DISK,0.978
229104558,2507,M8.2,2,No,No,0.00012,,,,,,,-16.959,-4.803,-0.019,-7.379,5.717,6.991,0.104,0.297,0.74,SIMBAD,THIN-DISK,0.989
229115214,2864,M5.4,"2,29",Yes,Yes,0.00043,2.931E+030,2.4843,0.00802,0.0018,0.00009,2.77E-58,43.504,-14.55,12.411,53.084,-4.03,19.421,0.22,0.012,0.01,SIMBAD,THIN-DISK,0.973
32422219,2840,M5.9,"3,30",No,Yes,0.01079,,0.0895,0.00001,0.0072,0.00021,1.84E-184,1.954,8.315,-14.142,11.534,18.835,-7.132,0.119,0.367,1.946,SIMBAD,THIN-DISK,0.985
100907328,2711,M6.8,30,No,No,0.00632,,,,,,,-40.984,-19.62,11.493,-31.404,-9.1,18.503,0.419,0.032,0.018,SIMBAD,THIN-DISK,0.98
63781635,2991,M5,18,Yes,Yes,0.04523,3.852E+030,0.2761,0.00324,0.0073,0.00001,<<1E-310,-2.121,8.195,-12.319,7.459,18.715,-5.309,1.867,1.795,2.064,SIMBAD,THIN-DISK,0.988
159508739,2394,M9,"14,19,20,21,25,26",Yes,No,0.74987,3.788E+029,,,,,,-35.588,-17.883,2.499,-26.008,-7.363,9.509,0.146,0.042,0.012,SIMBAD,THIN-DISK,0.986
420130591,3029,M4.8,"14,15,16,17,18,19,20,21,22,23,24,25,26,40,41,47,48,49,50,51,52,53",Yes,No,0.03576,5.128E+030,,,,,,-28.208,-22.999,-16.928,-18.628,-12.479,-9.918,0.108,0.567,0.268,GAIA-DR3,THIN-DISK,0.988
232970271,2900,M5.5,"14,15,21,22",Yes,Yes,0.01921,3.258E+030,0.5105,0.00107,0.007,0.00002,<<1E-310,-29.913,-16.676,0.078,-20.333,-6.156,7.088,0.139,0.012,0.002,SIMBAD,THIN-DISK,0.988
198555502,2584,M7.7,"22,23,40,41,47,48,50,51",Yes,No,0.00028,7.884E+029,,,,,,-11.066,-16.022,15.272,-1.486,-5.502,22.282,0.332,0.035,0.034,SIMBAD,THIN-DISK,0.978
371080717,2612,M7.5,20,No,Yes,0.45424,,0.7136,0.0193,0.0047,0.00028,3.34E-42,-41.052,-11.435,4.106,-31.472,-0.915,11.116,0.676,0.025,0.046,SIMBAD,THIN-DISK,0.985
285002767,2112,L0.9,48,No,No,0.12095,,,,,,,-11.844,-26.257,1.723,-2.264,-15.737,8.733,0.111,0.054,0.006,SIMBAD,THIN-DISK,0.986
148673115,2942,M5.3,"21,22,48",No,No,2.62022,,,,,,,48.174,-32.434,-44.682,57.754,-21.914,-37.672,0.068,0.019,0.02,SIMBAD,THIN-DISK,0.879
1001036250,2905,M5.5,"16,23,49,50",Yes,Yes,0.24496,2.164E+030,0.4766,0.00023,0.0043,0.00014,1.21E-220,,,,,,,,,,,,
187092382,2901,M5.5,19,Yes,Yes,0.01323,3.11E+030,0.5665,0.01277,0.0077,0.0001,<<1E-310,-4.02,11.771,-11.699,5.56,22.291,-4.689,2.818,2.711,1.069,SIMBAD,THIN-DISK,0.987
24108819,2941,M5.3,"24,25",No,No,0.00585,,,,,,,-41.689,-54.238,5.331,-32.109,-43.718,12.341,0.597,0.023,0.028,SIMBAD,THIN-DISK,0.981
441706467,2687,M7,"16,22,23,49,50",No,Yes,0.00058,,0.4828,0.00107,0.0014,0.00005,6.81E-28,7.265,42.884,8.843,16.845,53.404,15.853,0.336,0.034,0.035,SIMBAD,THIN-DISK,0.967
286447344,2818,M6.1,19,No,Yes,0.02116,,0.7278,0.02108,0.0046,0.00027,7.10397407620674E-29,-45.879,-4.576,-19.817,-36.299,5.944,-12.807,6.55,6.523,1.359,GAIA-DR3,THIN-DISK,0.982
1042982,2807,M6.2,"21,48",Yes,No,0.0488,1.762E+030,,,,,,-14.153,-50.831,8.082,-4.573,-40.311,15.092,0.283,0.062,0.018,SIMBAD,THIN-DISK,0.975
298554585,2176,L0.5,"14,25,26,40,41",No,No,0.76732,,,,,,,9.058,-0.618,-3.27,18.638,9.902,3.74,0.385,0.4,0.21,SIMBAD,THIN-DISK,0.988
138860476,2501,M8.3,22,No,No,2.64568,,,,,,,-47.353,-20.371,7.264,-37.773,-9.851,14.274,0.163,0.058,0.033,SIMBAD,THIN-DISK,0.982
156691155,2944,M5.3,"23,50",Yes,No,0.00108,3.252E+030,,,,,,-1.755,-3.138,1.273,7.825,7.382,8.283,0.515,0.005,0.002,SIMBAD,THIN-DISK,0.988
125529556,2756,M7.5,"21,48",No,No,0.0023,,,,,,,-28.723,-10.62,-26.988,-19.143,-0.1,-19.978,0.394,0.025,0.06,SIMBAD,THIN-DISK,0.98
270470901,2789,M6.3,"8,34",Yes,No,0.01013,2.073E+030,,,,,,-50.569,-33.493,-20.014,-40.989,-22.973,-13.004,0.576,1.32,0.985,SIMBAD,THIN-DISK,0.984
165945176,2839,M6,"23,49",No,No,0.0064,,,,,,,-47.863,13.339,-0.76,-38.283,23.859,6.25,0.254,0.014,0.001,SIMBAD,THIN-DISK,0.985
87302025,2866,M5.8,19,No,Yes,0.28684,,0.1738,0.00121,0.0024,0.00016,1.55E-30,13.187,-83.808,-46.299,22.767,-73.288,-39.289,17.058,18.494,8.61,SIMBAD,THIN-DISK,0.853
357237802,2169,L0.5,48,No,Yes,0.00176,,0.4565,0.00848,0.0198,0.00138,1.55E-30,-61.956,-73.224,-9.398,-52.376,-62.704,-2.388,1.098,1.39,0.257,SIMBAD,THIN-DISK,0.865
469392302,2927,M5.4,"15,16,17,41",Yes,No,0.34994,3.336E+030,,,,,,21.452,4.651,-17.096,31.032,15.171,-10.086,0.348,0.003,0.01,SIMBAD,THIN-DISK,0.984
436924555,2700,M6.9,"42,43,44",Yes,Yes,0.00997,1.783E+030,1.2758,0.02116,0.003,0.00006,2.78E-29,-68.279,-3.449,8.812,-58.699,7.071,15.822,0.95,0.615,0.759,SIMBAD,THIN-DISK,0.978
281706120,2196,L0.4,"45,46",No,Yes,0.00446,,0.2365,0.00107,0.006,0.00039,1.57E-14,-18.747,-21.172,-21.239,-9.167,-10.652,-14.229,0.211,0.052,0.052,SIMBAD,THIN-DISK,0.984
365064283,2745,M6.6,"23,46,50",Yes,No,0.00279,1.799E+030,,,,,,-13.426,-13.36,9.549,-3.846,-2.84,16.559,0.392,0.036,0.011,SIMBAD,THIN-DISK,0.984
87378424,2826,M6,19,No,No,0.04286,,,,,,,-13.879,-25.186,-7.33,-4.299,-14.666,-0.32,0.478,0.02,0.006,SIMBAD,THIN-DISK,0.988
43213934,2845,M5.9,23,Yes,Yes,1.58378,2.724E+030,0.7488,0.02276,0.0183,0.00019,<<1E-310,9.118,6.399,2.739,18.698,16.919,9.749,0.473,0.006,0.003,SIMBAD,THIN-DISK,0.985
405503787,2972,M5.1,"15,16,22,23,49,50",Yes,Yes,0.00523,4.924E+030,0.8275,0.00068,0.0017,0.00001,<<1E-310,37.377,-3.589,8.207,46.957,6.931,15.217,12.447,19.096,25.283,GAIA-DR3,THIN-DISK,0.979
291872745,2720,M6.7,"7,33",No,No,0.18528,,,,,,,6.431,-12.778,-15.973,16.011,-2.258,-8.963,0.818,0.03,0.037,SIMBAD,THIN-DISK,0.987
452811808,2708,M6.8,32,No,No,6.44693,,,,,,,-7.498,-15.905,25.474,2.082,-5.385,32.484,0.853,0.045,0.07,SIMBAD,THIN-DISK,0.953
366567664,2709,M6.8,"7,34,44,45,46",Yes,Yes,0.70438,1.175E+030,0.735,0.00049,0.01,0.00011,<<1E-310,-39.064,-47.682,-26.702,-29.484,-37.162,-19.692,0.805,1.043,0.908,SIMBAD,THIN-DISK,0.982
320524973,2720,M6.7,"14,15,16,17,18,19,20,21,23,24,25,26,40,41,47,48,49,50,51,52,53",Yes,Yes,0.08962,1.576E+030,0.5217,0.00024,0.0058,0.00006,<<1E-310,-30.092,1.063,3.795,-20.512,11.583,10.805,0.496,0.011,0.021,SIMBAD,THIN-DISK,0.986
121013320,2246,L0,"40,41",Yes,No,1.61854,2.154E+029,,,,,,1.829,9.083,-36.475,11.409,19.603,-29.465,0.626,0.016,0.065,SIMBAD,THIN-DISK,0.953
336209523,2665,M7.1,"14,26,40,41,53",Yes,No,0.84535,1.101E+030,,,,,,-31.76,14.219,-4.73,-22.18,24.739,2.28,0.656,0.018,0.009,SIMBAD,THIN-DISK,0.984
17992447,2441,M8.7,48,Yes,Yes,9.32375,4.388E+029,0.4743,0.00873,0.0616,0.00024,6.19E-302,14.794,2.984,-9.445,24.374,13.504,-2.435,0.951,0.067,2.805,SIMBAD,THIN-DISK,0.987
17970570,2951,M5.2,"22,48",Yes,Yes,0.00004,3.545E+030,0.5593,0.00041,0.004,0.00004,6.48E-211,19.989,8.545,1.055,29.569,19.065,8.065,1.546,0.084,4.671,SIMBAD,THIN-DISK,0.983
219066411,2887,M5.6,25,No,No,0.0066,,,,,,,14.469,-23.122,13.896,24.049,-12.602,20.906,0.699,0.009,0.005,SIMBAD,THIN-DISK,0.976
13270128,2797,M6.2,18,Yes,No,0.2181,1.916E+030,,,,,,-23.076,-21.652,-11.421,-13.496,-11.132,-4.411,0.265,0.025,0.014,SIMBAD,THIN-DISK,0.988
445064836,3039,M4.7,"20,47",Yes,No,0.0093,5.362E+030,,,,,,-29.808,-51.213,2.979,-20.228,-40.693,9.989,1.989,1.324,2.435,SIMBAD,THIN-DISK,0.969
307956653,2516,M8.2,"14,15,16,17,18,19,20,21,22,24,25,26,40,41,47,48,49,50,51,52,53",Yes,Yes,0.01507,5.27E+029,0.1511,0.00002,0.0081,0.00011,<<1E-310,10.592,11.139,-14.41,20.172,21.659,-7.4,0.372,0.019,0.024,SIMBAD,THIN-DISK,0.984
306114021,2878,M5.7,19,No,Yes,0.08266,,1.073,0.04617,0.0056,0.00012,2.5E-109,-9.425,-15.346,-11.306,0.155,-4.826,-4.296,0.499,0.018,0.013,SIMBAD,THIN-DISK,0.989
160421026,2607,M7.5,"20,21",No,No,0.05869,,,,,,,-7.767,-2.784,-0.015,1.813,7.736,6.995,0.216,0.044,0.042,SIMBAD,THIN-DISK,0.988
316627328,2922,M5.4,"18,19",Yes,No,0.90597,3.775E+030,,,,,,1.901,6.087,-4.541,11.481,16.607,2.469,1.999,2.277,0.086,SIMBAD,THIN-DISK,0.987
278335977,2785,M6.3,16,No,Yes,0.3316,,0.1831,0.00144,0.1986,0.00096,<<1E-310,198.617,22.839,-5.809,208.197,33.359,1.201,819.923,92.694,32.028,SIMBAD,THICK/HALO-TRANSITION,0.272
202408306,2513,M8.2,50,No,Yes,0.00834,,0.6387,0.01554,0.0082,0.00042,8.9E-53,-62.307,-51.817,-6.426,-52.727,-41.297,0.584,0.476,0.114,0.053,SIMBAD,THIN-DISK,0.964
237091400,2749,M6.5,"24,51",Yes,Yes,0.01376,1.647E+030,0.6659,0.00058,0.0032,0.00009,1.27E-206,22.555,-32.976,-13.047,32.135,-22.456,-6.037,0.621,0.02,0.025,SIMBAD,THIN-DISK,0.985
171648455,2912,M5.5,"22,45,46,48",No,No,0.00014,,,,,,,27.315,-23.769,3.24,36.895,-13.249,10.25,0.237,0.025,0.004,SIMBAD,THIN-DISK,0.984
149565536,2152,L0.7,23,No,No,0.00444,,,,,,,-0.647,-95.738,-26.704,8.933,-85.218,-19.694,,1.35,0.175,SIMBAD,THIN/THICK-TRANSITION,0.429
161640200,2289,M9.7,50,Yes,No,0.42767,2.3E+029,,,,,,-36.032,-55.243,20.926,-26.452,-44.723,27.936,0.553,0.155,0.059,SIMBAD,THIN-DISK,0.881
356700988,2245,L0,"40,47,48,49,50,51,52,53",Yes,Yes,0.05645,1.908E+029,0.4486,0.00052,0.0096,0.00009,5.96E-69,29.022,-26.854,1.472,38.602,-16.334,8.482,0.234,0.098,0.08,SIMBAD,THIN-DISK,0.985
270511002,2683,M7,"8,34",No,No,0.44506,,,,,,,16.901,19.08,-8.442,26.481,29.6,-1.432,4.022,5.841,7.092,SIMBAD,THIN-DISK,0.988
229876034,2570,M7.8,24,No,No,0.07696,,,,,,,27.609,-44.773,-2.237,37.189,-34.253,4.773,0.575,0.15,0.016,SIMBAD,THIN-DISK,0.977
313007938,2639,M7.3,"14,26,40,47,53",No,No,0.00577,,,,,,,-20.025,-17.632,-11.884,-10.445,-7.112,-4.874,0.229,0.094,0.093,SIMBAD,THIN-DISK,0.989
434261118,2867,M5.8,"5,32,43,44",No,No,3.76701,,,,,,,6.779,-12.477,-13.844,16.359,-1.957,-6.834,0.793,0.023,0.025,SIMBAD,THIN-DISK,0.988
399044334,2778,M6.3,"23,46,49",Yes,Yes,0.00213,2.322E+030,1.2234,0.00195,0.0035,0.00013,1.86E-117,-40.449,-17.219,-1.144,-30.869,-6.699,5.866,0.19,0.026,0.003,SIMBAD,THIN-DISK,0.987
459972249,1858,L2.7,5,No,No,0.49187,,,,,,,-4.792,-21.412,-16.123,4.788,-10.892,-9.113,0.864,0.08,0.074,SIMBAD,THIN-DISK,0.988
219095664,2939,M5.3,"14,15,16,17,18,19,20,21,22,23,24,25,40,41,47,48,49,50,51,52",Yes,Yes,0.01628,2.601E+030,0.1622,0.00002,0.0026,0,<<1E-310,-26.641,-17.827,-9.241,-17.061,-7.307,-2.231,0.99,2.379,1.4,SIMBAD,THIN-DISK,0.989
1881309133,2962,M5.2,"14,15",Yes,Yes,2.32066,4.997E+030,0.2632,0.00127,0.0044,0,<<1E-310,6.192,4.547,-11.341,15.772,15.067,-4.331,0.398,0.365,0.055,GAIA-DR3,THIN-DISK,0.988
416670281,2511,M8.2,31,No,No,0.00003,,,,,,,-29.262,-14.424,38.857,-19.682,-3.904,45.867,0.721,0.044,0.105,SIMBAD,THIN-DISK,0.823
291108374,2810,M6.1,46,No,No,0.04971,,,,,,,50.053,-40.836,-17.509,59.633,-30.316,-10.499,0.641,1.75,3.657,SIMBAD,THIN-DISK,0.971
452922110,2917,M5.5,"7,34",Yes,No,0.02905,3.155E+030,,,,,,-50.596,-27.417,-0.38,-41.016,-16.897,6.63,0.708,0.006,0.022,SIMBAD,THIN-DISK,0.984
128325971,2194,L0.4,7,No,No,2.28659,,,,,,,-58.477,-6.798,-56.29,-48.897,3.722,-49.28,0.292,1.776,0.124,SIMBAD,THIN/THICK-TRANSITION,0.498
53603145,2305,M9.6,"6,7,33",No,Yes,0.36381,,0.2092,0.00169,0.0546,0.00031,1.17E-266,-16.579,-0.127,-15.353,-6.999,10.393,-8.343,0.337,1.636,0.375,SIMBAD,THIN-DISK,0.985
121204333,2757,M6.5,"7,34",Yes,No,0.04088,2.212E+030,,,,,,32.093,-34.961,-9.235,41.673,-24.441,-2.225,0.646,0.048,0.014,SIMBAD,THIN-DISK,0.981
197614720,2916,M5.5,28,Yes,Yes,0.08213,2.553E+030,1.4239,0.09286,0.0075,0.00015,3.94E-237,-23.895,-26.255,-19.707,-14.315,-15.735,-12.697,0.312,0.026,0.019,SIMBAD,THIN-DISK,0.984
201467079,2817,M6.1,"6,33",Yes,No,0.02597,2.984E+030,,,,,,-21.803,8.463,69.223,-12.223,18.983,76.233,0.029,2.19,1.028,GAIA-DR3,THICK-DISK,0.923
189640779,2615,M7.5,35,No,No,0.72882,,,,,,,3.906,-0.649,0.502,13.486,9.871,7.512,0.409,0.002,0.005,SIMBAD,THIN-DISK,0.987
23997017,2903,M5.5,38,Yes,No,0.1393,2.936E+030,,,,,,17.212,-12.101,-18.22,26.792,-1.581,-11.21,1.04,0.353,0.558,SIMBAD,THIN-DISK,0.986
390531051,2959,M5.2,"10,37",No,No,0.29502,,,,,,,-34.332,-0.752,-25.702,-24.752,9.768,-18.692,0.353,0.512,0.425,GAIA-DR3,THIN-DISK,0.982
139471770,2586,M7.7,30,No,No,0.00882,,,,,,,17.849,2.495,-5.866,27.429,13.015,1.144,0.501,0.009,0.011,SIMBAD,THIN-DISK,0.987
125835702,2812,M6.1,"11,38",Yes,Yes,0.08269,2.147E+030,0.232,0.00007,0.0046,0.00007,6.11E-225,0.068,-4.17,-5.772,9.648,6.35,1.238,0.464,0.025,0.03,SIMBAD,THIN-DISK,0.989
104123038,2939,M5.3,39,Yes,Yes,0.73789,3.118E+030,0.0905,0.0003,0.0082,0.00019,5.17E-201,,,,,,,,,,,,
1220362,2076,L1.2,5,No,No,0.42846,,,,,,,24.618,-23.618,4.222,34.198,-13.098,11.232,0.729,0.057,0.014,SIMBAD,THIN-DISK,0.983
304392811,2573,M7.8,"2,29",Yes,No,0.00078,1.103E+030,,,,,,-25.796,41.166,2.874,-16.216,51.686,9.884,0.489,0.272,1.911,SIMBAD,THIN-DISK,0.959
204721469,2814,M6.1,"10,37",No,No,0.00428,,,,,,,-118.915,-48.842,13.038,-109.335,-38.322,20.048,2.663,1.027,0.274,SIMBAD,THIN-DISK,0.768
212324934,2928,M5.4,27,No,No,0.50367,,,,,,,,,,,,,,,,,,
71028960,2800,M6.2,"35,36",No,Yes,0.01596,,0.7221,0.01038,0.0033,0.00013,3.68E-49,-14.619,-1.52,-5.686,-5.039,9,1.324,0.29,0.004,0.011,SIMBAD,THIN-DISK,0.989
30101427,2824,M6,"11,37",Yes,No,0.01119,2.529E+030,,,,,,-18.373,-8.633,13.537,-8.793,1.887,20.547,0.384,0.007,0.011,SIMBAD,THIN-DISK,0.981
170804009,2925,M5.4,"31,32",No,Yes,0.00025,,0.4608,0.0038,0.0037,0.00006,<<1E-310,1.504,6.487,-7.194,11.084,17.007,-0.184,0.71,0.006,0.006,SIMBAD,THIN-DISK,0.987
62892848,2221,L0.2,46,No,No,0.00342,,,,,,,-35.554,-15.624,-14.351,-25.974,-5.104,-7.341,0.248,0.074,0.096,SIMBAD,THIN-DISK,0.987
38141631,2913,M5.5,"9,36,45,46",No,Yes,0.00174,,0.1292,0.00002,0.0051,0.00005,<<1E-310,5.695,-9.213,-13.521,15.275,1.307,-6.511,0.073,0.014,0.011,SIMBAD,THIN-DISK,0.988
34309473,2683,M7,32,No,No,0.25442,,,,,,,-12.282,-31.73,-16.149,-2.702,-21.21,-9.139,0.784,0.729,0.104,SIMBAD,THIN-DISK,0.987
67808251,2625,M7.4,32,No,No,0.01097,,,,,,,-44.929,-33.913,4.46,-35.349,-23.393,11.47,0.716,0.416,0.847,SIMBAD,THIN-DISK,0.983
287840802,2784,M6.3,"6,32",Yes,No,0.02518,2.238E+030,,,,,,27.947,-31.789,-18.682,37.527,-21.269,-11.672,0.866,0.041,0.025,SIMBAD,THIN-DISK,0.98
118590684,3008,M4.9,31,No,No,0.89444,,,,,,,-31.592,-76.875,48.439,-22.012,-66.355,55.449,1.101,1.003,0.632,SIMBAD,THICK-DISK,0.926
318801864,2395,M9,"7,33",Yes,No,0.29882,,,,,,,-55.894,-61.409,6.182,-46.314,-50.889,13.192,2.104,1.903,2.192,SIMBAD,THIN-DISK,0.987
98664371,2768,M6.4,46,No,Yes,0.00385,,0.4708,0.00898,0.0025,0.00003,6.65E-22,-6.803,-27.164,-16.853,2.777,-16.644,-9.843,0.156,0.029,0.018,SIMBAD,THIN-DISK,0.985
71678774,2924,M5.4,"6,33",Yes,Yes,0.11893,3.632E+030,0.9127,0.00108,0.0026,0.00004,2.23E-300,10.775,-44.584,-16.263,20.355,-34.064,-9.253,0.737,0.906,0.395,GAIA-DR3,THIN-DISK,0.985
388903843,2821,M6.1,"6,32",No,No,0.00807,,,,,,,12.159,-30.822,17.807,21.739,-20.302,24.817,0.863,0.036,0.021,SIMBAD,THIN-DISK,0.964
71581249,2856,M5.8,"6,33",Yes,Yes,0.01348,2.769E+030,0.3398,0.00015,0.0019,0.00002,5.78E-30,5.821,-4.29,-7.869,15.401,6.23,-0.859,0.859,0.007,0.011,SIMBAD,THIN-DISK,0.989
114742401,2132,L0.8,8,No,No,0.48982,,,,,,,17.748,-8.787,-1.096,27.328,1.733,5.914,0.329,1.679,0.599,SIMBAD,THIN-DISK,0.987
117733581,2863,M5.8,"5,32",Yes,Yes,0.02104,2.079E+030,0.6252,0.00051,0.0019,0.00004,<<1E-310,-45.616,-16.032,-18.171,-36.036,-5.512,-11.161,0.618,0.615,0.837,SIMBAD,THIN-DISK,0.982
29959288,2682,M7,"4,31",No,No,0.00017,,,,,,,20.571,-20.556,-10.836,30.151,-10.036,-3.826,0.329,0.317,1.74,SIMBAD,THIN-DISK,0.987
308773845,2778,M6.3,35,Yes,No,0.56702,1.677E+030,,,,,,-39.796,-18.631,8.355,-30.216,-8.111,15.365,0.097,2.508,1.533,SIMBAD,THIN-DISK,0.98
270218775,2778,M6.3,"2,29",Yes,No,0.00135,2.415E+030,,,,,,18.4,-44.521,-10.303,27.98,-34.001,-3.293,0.054,0.036,0.008,SIMBAD,THIN-DISK,0.979
380532990,2032,L1.5,"8,35",No,No,0.0518,,,,,,,20.752,-96.333,4.214,30.332,-85.813,11.224,0.401,1.806,0.752,SIMBAD,THIN-DISK,0.996
406479664,2876,M5.7,"4,31",Yes,Yes,0.0073,2.669E+030,1.5576,0.00315,0.0051,0.0001,<<1E-310,-7.129,-8.985,8.475,2.451,1.535,15.485,0.69,0.016,0.014,SIMBAD,THIN-DISK,0.985
49306639,2899,M5.6,"6,7,33",Yes,Yes,0.0308,3.436E+030,1.0285,0.00138,0.0056,0.00005,<<1E-310,-20.619,-21.658,-21.35,-11.039,-11.138,-14.34,0.468,1.353,0.312,GAIA-DR3,THIN-DISK,0.984
5630425,2687,M7,"10,36",Yes,No,0.14471,1.404E+030,,,,,,-15.868,-3.626,-19.483,-6.288,6.894,-12.473,0.6,2.241,1.869,SIMBAD,THIN-DISK,0.987
423319208,2539,M8,35,No,No,0.00805,,,,,,,-15.284,-49.989,25.301,-5.704,-39.469,32.311,4.583,3.195,7.761,GAIA-DR3,THIN-DISK,0.961
415839928,2647,M7.2,10,No,No,0.04587,,,,,,,16.841,-23.42,-11.842,26.421,-12.9,-4.832,0.683,1.211,1.255,SIMBAD,THIN-DISK,0.988
441000085,2765,M6.4,"11,38",Yes,Yes,0.01868,1.61E+030,0.1651,0.00004,0.0075,0.00023,7.97E-139,-39.318,-16.83,-4.89,-29.738,-6.31,2.12,1.01,0.64,0.975,SIMBAD,THIN-DISK,0.986
942944661,2888,M5.6,36,Yes,Yes,0.70789,2.364E+030,1.3601,0.07714,0.0062,0.00003,<<1E-310,,,,,,,,,,,,
32704517,2605,M7.5,"32,33",No,No,0.02314,,,,,,,40.706,-57.108,-14.369,50.286,-46.588,-7.359,0.395,1.376,0.833,SIMBAD,THIN-DISK,0.975
167670065,1815,L3.1,11,No,No,3.68909,,,,,,,618.904,752.589,-115.334,628.484,763.109,-108.324,6335.009,7767.445,1207.271,SIMBAD,HALO,1
3723412,2719,M6.8,39,Yes,No,0.70148,1.555E+030,,,,,,-6.25,-30.235,-19.087,3.33,-19.715,-12.077,0.654,0.095,0.061,SIMBAD,THIN-DISK,0.984
175516858,2950,M5.2,"3,4,30,31",No,No,0.00849,,,,,,,55.743,-0.918,-12.681,65.323,9.602,-5.671,0.514,0.001,0.004,SIMBAD,THIN-DISK,0.978
22535327,2905,M5.5,"7,33,34",Yes,Yes,0.03204,3.71E+030,1.6413,0.0035,0.0043,0.00003,<<1E-310,61.345,-22.523,0.478,70.925,-12.003,7.488,0.636,0.013,0.003,SIMBAD,THIN-DISK,0.972
44568897,2802,M6.2,"9,35,36",Yes,Yes,0.03228,2.471E+030,0.7812,0.00079,0.0021,0.00005,8.6E-277,1.983,-2.239,-11.041,11.563,8.281,-4.031,0.339,0.001,0.006,SIMBAD,THIN-DISK,0.988
1053225430,2994,M5,"11,38",Yes,Yes,1.3399,3.259E+030,0.2845,0.00011,0.0033,0.00001,<<1E-310,-30.605,-12.79,2.782,-21.025,-2.27,9.792,1.158,1.468,0.749,GAIA-DR3,THIN-DISK,0.987
459751104,2849,M5.9,"36,37",No,No,0.50311,,,,,,,,,,,,,,,,,,
248223026,2517,M8.2,"10,11,37",Yes,Yes,0.01513,7.325E+029,1.4844,0.00286,0.0028,0.00002,<<1E-310,-92.178,-71.828,-17.807,-82.598,-61.308,-10.797,25.949,19.873,5.008,SIMBAD,THIN-DISK,0.705
1819197568,2936,M5.3,13,No,No,67.7922,,,,,,,,,,,,,,,,,,
79611981,3017,M4.8,"3,4,30,31",Yes,No,0.00077,5.581E+030,,,,,,-0.605,-12.585,7.378,8.975,-2.065,14.388,0.454,0.131,0.181,GAIA-DR3,THIN-DISK,0.985
209066156,2749,M6.5,38,No,No,3.2364,,,,,,,,,,,,,,,,,,
387191562,2757,M6.5,27,No,No,17.48922,,,,,,,-10.094,-36.001,3.088,-0.514,-25.481,10.098,0.377,0.11,0.012,SIMBAD,THIN-DISK,0.983
320207059,2741,M6.6,27,No,No,0.02981,,,,,,,,,,,,,,,,,,
176935123,2918,M5.4,"1,2,4,5,6,7,8,9,10,11,12,27,28,29,31,32,34,35,36,37,38,39",No,No,0.00404,,,,,,,37.156,-26.352,28.814,46.736,-15.832,35.824,0.109,0.875,0.425,GAIA-DR3,THIN-DISK,0.91
90452897,2784,M6.3,"35,36",Yes,No,0.88181,1.773E+030,,,,,,-43.764,-0.693,2.332,-34.184,9.827,9.342,0.383,0.001,0.006,SIMBAD,THIN-DISK,0.985
146159736,2624,M7.4,38,No,Yes,1.9485,,0.3932,0.00578,0.0338,0.00102,5.47E-121,-45.044,-66.398,-14.663,-35.464,-55.878,-7.653,75.564,111.651,25.603,SIMBAD,THIN-DISK,0.909
78772202,2861,M5.8,"35,36",Yes,Yes,0.74969,2.471E+030,0.134,0.00036,0.021,0.00009,<<1E-310,-21.354,-0.055,-0.827,-11.774,10.465,6.183,0.337,0,0.004,SIMBAD,THIN-DISK,0.988
201688405,2829,M6,"13,27",Yes,Yes,0.01865,2.388E+030,0.6942,0.00116,0.0039,0.00009,6.05E-210,-12.068,-28.674,-5.705,-2.488,-18.154,1.305,0.417,0.027,0.006,SIMBAD,THIN-DISK,0.988
326160197,2681,M7,"11,38",No,Yes,2.19154,,0.2214,0.00006,0.0146,0.00059,1.47E-122,-52.318,-31.816,-1.777,-42.738,-21.296,5.233,25.53,15.53,3.296,SIMBAD,THIN-DISK,0.981
381983159,2900,M5.5,13,No,Yes,0.11886,,1.3974,0.06854,0.0019,0.00002,2.22E-163,-30.058,-20.555,-27.704,-20.478,-10.035,-20.694,0.295,0.01,0.014,SIMBAD,THIN-DISK,0.979
405981059,2953,M5.2,"11,37,38",No,Yes,0.17948,,0.1947,0.00005,0.0113,0.00011,<<1E-310,-32.68,-21.789,1.161,-23.1,-11.269,8.171,20.998,14,2.685,SIMBAD,THIN-DISK,0.986
317021872,2793,M6.2,27,No,No,0.00472,,,,,,,3.975,-9.844,-14.855,13.555,0.676,-7.845,1.008,1.114,1.262,SIMBAD,THIN-DISK,0.987
394356010,2911,M5.5,"1,12,13,27,28,39",Yes,No,0.15152,3.193E+030,,,,,,-8.807,-3.027,-1.719,0.773,7.493,5.291,0.113,0.004,0.004,SIMBAD,THIN-DISK,0.989
278199738,2827,M6,"4,7,11,12,13,27,34,37,38,39",No,No,0.00582,,,,,,,-60.599,-16.682,-15.871,-51.019,-6.162,-8.861,0.163,0.035,0.034,SIMBAD,THIN-DISK,0.982
220429097,2780,M6.3,"1,2,3,5,6,7,8,9,10,11,12,13,27,28,29,30,31,32,33,35,36,37,38,39",Yes,Yes,0.02249,1.915E+030,0.4959,0.00022,0.0021,0,<<1E-310,58.83,0.094,-3.629,68.41,10.614,3.381,0.449,0.003,0.004,SIMBAD,THIN-DISK,0.976
389051009,2889,M5.6,"1,27,28",Yes,Yes,0.00168,2.992E+030,0.1431,0.00003,0.0025,0.00004,<<1E-310,-5.271,8.755,-8.913,4.309,19.275,-1.903,0.146,0.005,0.005,SIMBAD,THIN-DISK,0.987
808442168,2925,M5.4,"8,9,10,35,36,37",Yes,Yes,0.88958,2.128E+030,0.1129,0.00002,0.0073,0.00001,<<1E-310,,,,,,,,,,,,
273369281,2944,M5.3,"1,13,27,28",Yes,Yes,0.00059,4.254E+030,0.6486,0.00055,0.0033,0.00002,<<1E-310,15.764,-0.229,-18.819,25.344,10.291,-11.809,13.824,16.509,18.856,GAIA-DR3,THIN-DISK,0.981
277539431,2964,M5.2,"12,37,39",Yes,Yes,0.06661,2.663E+030,0.1899,0.00005,0.0088,0.00004,<<1E-310,12.596,7.832,-7.393,22.176,18.352,-0.383,0.096,0.051,0.057,SIMBAD,THIN-DISK,0.986
31381302,2923,M5.4,"1,2,3,4,5,6,7,8,9,10,11,12,13,27,28,29,30,31,32,33,34,35,36,37,38,39",Yes,Yes,0.25919,3.337E+030,0.1652,0.00002,0.0068,0,<<1E-310,-21.056,-4.156,-0.65,-11.476,6.364,6.36,0.277,0.002,0.002,SIMBAD,THIN-DISK,0.988
407882514,2847,M5.9,"27,39",No,Yes,0.00504,,0.1777,0.00009,0.003,0.00001,1.77E-115,-16.311,-16.126,2.308,-6.731,-5.606,9.318,0.113,0.013,0.004,SIMBAD,THIN-DISK,0.988
29780677,2923,M5.4,"1,2,3,4,5,6,7,8,9,10,11,12,13,27,28,29,30,31,32,33,34,35,36,37,38,39",Yes,Yes,0.00307,3.524E+030,1.2293,0.00136,0.0029,0.00001,<<1E-310,-51.732,-8.956,-3.583,-42.152,1.564,3.427,0.28,0.007,0.004,SIMBAD,THIN-DISK,0.986
60983539,2881,M5.7,35,No,Yes,0.01224,,1.1504,0.05519,0.0015,0.00007,2.43E-19,7.005,-5.46,-2.679,16.585,5.06,4.331,0.497,0.007,0.005,SIMBAD,THIN-DISK,0.988
111898820,2974,M5.1,39,Yes,Yes,1.31379,4.02E+030,0.2291,0.00204,0.0053,0.00004,<<1E-310,0.15,11.119,-7.008,9.73,21.639,0.002,0.74,0.005,0.004,SIMBAD,THIN-DISK,0.986
230741378,2829,M6,41,Yes,Yes,0.22524,2.291E+030,0.0844,0.00027,0.0076,0.00008,8.73E-243,120.27,-13.627,-26.716,129.85,-3.107,-19.706,81.585,26.696,21.654,SIMBAD,THIN-DISK,0.728
22913463,2613,M7.5,38,Yes,No,0.0503,1.45E+030,,,,,,5.89,11.899,-5.954,15.47,22.419,1.056,2.793,5.274,2.959,SIMBAD,THIN-DISK,0.985
12774230,2716,M6.8,42,No,No,0.28829,,,,,,,,,,,,,,,,,,
4609881,2940,M5.3,42,No,Yes,0.00066,,0.1269,0.00072,0.005,0.00004,3.04E-244,-23.044,-20.733,6.265,-13.464,-10.213,13.275,0.209,0.955,1.707,SIMBAD,THIN-DISK,0.986
471016474,3007,M4.9,42,Yes,No,1.26843,4.026E+030,,,,,,,,,,,,,,,,,
408413037,2724,M6.7,42,No,No,0.00047,,,,,,,-46.382,2.946,8.151,-36.802,13.466,15.161,0.081,0.007,0.013,SIMBAD,THIN-DISK,0.982
257841489,2459,M8.6,42,No,No,0.03785,,,,,,,-13.817,-57.083,-14.336,-4.237,-46.563,-7.326,0.559,0.24,0.061,SIMBAD,THIN-DISK,0.958
257870150,2744,M6.6,43,Yes,No,0.00115,2.215E+030,,,,,,-65.574,-73.048,-54.687,-55.994,-62.528,-47.677,1.322,1.366,2.973,SIMBAD,THICK-DISK,0.938
60987924,2760,M6.5,"42,43",Yes,No,0.00026,2.411E+030,,,,,,3.433,10.494,3.588,13.013,21.014,10.598,0.465,0.016,0.007,SIMBAD,THIN-DISK,0.984
69850453,2767,M6.4,"43,44",Yes,Yes,0.0267,1.406E+030,4.6382,0.42596,0.0119,0.00006,<<1E-310,33.045,-20.392,-22.48,42.625,-9.872,-15.47,1.656,0.176,0.476,SIMBAD,THIN-DISK,0.98
348769612,2974,M5.1,"42,43,44",No,No,0.12564,,,,,,,9.028,1.903,-21.325,18.608,12.423,-14.315,0.712,0.004,0.016,SIMBAD,THIN-DISK,0.983
58998044,3042,M4.7,"44,45",Yes,No,1.23417,4.838E+030,,,,,,7.229,-22.241,-6.404,16.809,-11.721,0.606,0.835,0.449,0.16,GAIA-DR3,THIN-DISK,0.988
175241416,2825,M6,"44,46",Yes,No,0.00454,2.175E+030,,,,,,-73.369,-47.741,-14.132,-63.789,-37.221,-7.122,0.608,0.044,0.07,SIMBAD,THIN-DISK,0.983
16227031,2734,M6.7,"44,45,46",Yes,No,0.19043,1.638E+030,,,,,,-33.973,-50.261,-18.298,-24.393,-39.741,-11.288,0.901,0.439,0.4,SIMBAD,THIN-DISK,0.986
364981864,2517,M8.2,"45,46",Yes,No,0.0154,5.255E+029,,,,,,-20.552,-21.021,-12.2,-10.972,-10.501,-5.19,0.315,0.974,1.678,SIMBAD,THIN-DISK,0.988
377040202,2502,M8.3,"45,46",Yes,No,0.50386,5.561E+029,,,,,,24.409,-67.022,-12.988,33.989,-56.502,-5.978,0.547,1.098,1.376,SIMBAD,THIN-DISK,0.969
349987823,2768,M6.4,"45,46",No,Yes,0.00271,,0.4672,0.00421,0.0055,0.00016,9.07E-86,-10.555,-12.663,-14.326,-0.975,-2.143,-7.316,0.317,0.037,0.041,SIMBAD,THIN-DISK,0.988
365006789,2831,M6,"45,46",Yes,Yes,0.00826,2.858E+030,2.7073,0.13999,0.0009,0,<<1E-310,-28.276,-48.014,-13.301,-18.696,-37.494,-6.291,0.186,0.092,0.071,SIMBAD,THIN-DISK,0.983
301501433,2701,M6.9,"45,46",Yes,No,0.00354,1.49E+030,,,,,,-48.075,18.105,1.3,-38.495,28.625,8.31,0.169,0.038,0.006,SIMBAD,THIN-DISK,0.981
377172800,2274,M9.8,46,No,Yes,0.00122,,0.1795,0.00127,0.0235,0.00003,3.13E-110,-9.124,-9.224,-2.935,0.456,1.296,4.075,0.154,0.035,0.012,SIMBAD,THIN-DISK,0.989
380544811,2635,M7.3,"45,46",Yes,No,0.02274,9.501E+029,,,,,,57.26,-28.209,23.393,66.84,-17.689,30.403,0.159,1.068,1.69,SIMBAD,THIN-DISK,0.937
427580418,2539,M8,42,Yes,No,0.25708,1.339E+030,,,,,,-12.074,-26.457,11.221,-2.494,-15.937,18.231,0.733,0.558,0.247,SIMBAD,THIN-DISK,0.98
14436662,2813,M6.1,"44,45,46",Yes,No,0.2416,2.006E+030,,,,,,-36.217,-39.219,-16.487,-26.637,-28.699,-9.477,1.202,0.899,1.487,SIMBAD,THIN-DISK,0.986
203225829,2804,M6.2,"44,45,46",Yes,Yes,0.00392,2.068E+030,0.4389,0.00245,0.0033,0.00001,<<1E-310,-12.645,-19.487,-10.283,-3.065,-8.967,-3.273,0.533,0.011,0.018,SIMBAD,THIN-DISK,0.989
86019856,2321,M9.5,"44,45,46",No,No,0.22368,,,,,,,-50.238,-23.25,22.079,-40.658,-12.73,29.089,0.497,0.039,0.117,SIMBAD,THIN-DISK,0.954
